family,outcome,a,b,estimate,unit,ci95_low,ci95_high,raw_p,holm_p
core,success,constant,control,2.098662083542994,log odds,1.3449392497450885,2.852384917340899,7.23257902873716e-06,7.23257902873716e-05
core,success,adaptive,control,1.6920777637360007,log odds,0.8798217394285436,2.504333788043458,0.0002604045661054282,0.0018228319627379974
core,success,adaptive,constant,-0.40658431980699317,log odds,-1.0731137058639435,0.2599450662499573,0.2196372713181813,0.8023513342501027
core,tlx100,constant,control,-12.153522372286666,adapted workload points /100,-16.93728412912845,-7.36976061544488,2.4800039623125774e-05,0.0001984003169850062
core,tlx100,adaptive,control,-15.035510854304029,adapted workload points /100,-20.760498489922153,-9.310523218685905,1.604209774161494e-05,0.00014437887967453446
core,tlx100,adaptive,constant,-2.8819884820173627,adapted workload points /100,-9.377498485785235,3.61352152175051,0.368227179306584,0.8023513342501027
core,correctPieces,constant,control,2.140622658362216,pieces,1.5382286087848756,2.743016707939556,1.7742814848269287e-07,1.9517096333096214e-06
core,correctPieces,adaptive,control,1.9486897397737226,pieces,1.4126140968665122,2.484765382680933,1.2199236664423659e-07,1.463908399730839e-06
core,correctPieces,adaptive,constant,-0.19193291858849326,pieces,-0.7373766419956783,0.3535108048186918,0.47400407799450484,0.8023513342501027
secondary,helpfulness,adaptive,constant,0.28344286080985126,rating points,-0.18323459957402832,0.7501203211937308,0.2215731191839047,1.0
secondary,timingEffectiveness,adaptive,constant,0.541883233032737,rating points,0.11000332622406966,0.9737631398414044,0.016169700040087304,0.21020610052113495
secondary,clarityAndDistraction,adaptive,constant,0.11786621054260771,rating points,-0.4730955809657257,0.7088280020509411,0.68372783759441,1.0
secondary,stressReduction,adaptive,constant,0.4199319295007881,rating points,-0.07185579287254185,0.9117196518741181,0.09059922139916983,0.9059922139916983
secondary,mentalDemand,constant,control,-0.818761741053797,rating points,-1.1716737015529552,-0.4658497805546386,7.678046458041038e-05,0.001228487433286566
secondary,mentalDemand,adaptive,control,-0.9528634269040795,rating points,-1.3034815290928494,-0.6022453247153097,1.0111245661208224e-05,0.00018200242190174803
secondary,mentalDemand,adaptive,constant,-0.1341016858502826,rating points,-0.6288970902904105,0.3606937185898453,0.5804526389033307,1.0
secondary,physicalDemand,constant,control,-0.36462830790824796,rating points,-0.7454576418116212,0.01620102599512524,0.059712610111825486,0.7165513213419058
secondary,physicalDemand,adaptive,control,-0.5497354247013265,rating points,-1.1409938816504077,0.041523032247754776,0.0668975953159698,0.7358735484756678
secondary,physicalDemand,adaptive,constant,-0.18510711679307856,rating points,-0.723937198504554,0.35372296491839683,0.48444156891170465,1.0
secondary,temporalDemand,constant,control,-0.24519733007174382,rating points,-0.625986297171601,0.1355916370281134,0.1958940760236368,1.0
secondary,temporalDemand,adaptive,control,-0.2665608083963527,rating points,-0.7866144127639108,0.2534927959712054,0.30000752755284904,1.0
secondary,temporalDemand,adaptive,constant,-0.021363478324608887,rating points,-0.6587816020394757,0.616054645390258,0.9453243190419656,1.0
secondary,performance,constant,control,1.521650573840389,rating points,0.9128977620538717,2.1304033856269062,3.05633908679469e-05,0.0005195776447550973
secondary,performance,adaptive,control,2.008549268936751,rating points,1.394133370759358,2.622965167114144,6.745652086613966e-07,1.2816738964566537e-05
secondary,performance,adaptive,constant,0.4868986950963621,rating points,-0.1884305646367891,1.1622279548295134,0.1494300010109969,1.0
secondary,effort,constant,control,-0.7064176615507207,rating points,-1.094818029826045,-0.31801729327539635,0.0010128554273716942,0.015192831410575414
secondary,effort,adaptive,control,-0.594057009044541,rating points,-1.0485856751291904,-0.13952834295989136,0.012672634122928869,0.17741687772100417
secondary,effort,adaptive,constant,0.11236065250617977,rating points,-0.2600098180963794,0.48473112310873895,0.538635410029235,1.0
core,frustration,constant,control,-0.7186124395982999,rating points,-1.239387241538822,-0.19783763765777762,0.008969071020393724,0.04484535510196862
core,frustration,adaptive,control,-1.0410179695664,rating points,-1.5803213820347268,-0.501714557098073,0.0005722176093515394,0.003433305656109236
core,frustration,adaptive,constant,-0.3224055299681,rating points,-0.8285598387371721,0.18374877880097207,0.20058783356252569,0.8023513342501027
